City,Cloudiness,Country,Date,Humidity,Lat,Lng,Max Temp,Wind Speed
Kodiak,1,US,2019-06-24 16:25:31,35,39.95,-94.76,71.99600000000001,3.6
Punta Arenas,75,CL,2019-06-24 16:25:31,66,-53.16,-70.91,35.6,7.7
Cape Town,0,ZA,2019-06-24 16:25:31,72,-33.93,18.42,59.0,6.7
Dingle,100,PH,2019-06-24 16:25:31,90,11.0,122.67,76.00999999999999,1.22
Lundazi,43,ZM,2019-06-24 16:25:31,41,-12.29,33.17,72.41,2.82
Castro,40,CL,2019-06-24 16:25:31,86,-42.48,-73.76,39.2,5.7
Hithadhoo,73,MV,2019-06-24 16:25:31,71,-0.6,73.08,83.57,1.61
Bredasdorp,100,ZA,2019-06-24 16:25:31,67,-34.53,20.04,62.6,1.5
Ushuaia,40,AR,2019-06-24 16:25:31,69,-54.81,-68.31,35.6,2.1
Yerbogachen,60,RU,2019-06-24 16:25:31,54,61.28,108.01,56.75,1.28
Catabola,0,AO,2019-06-24 16:25:31,28,-12.14,17.29,86.0,2.71
Hami,9,CN,2019-06-24 16:25:31,26,42.84,93.51,76.19,4.11
Salalah,40,OM,2019-06-24 16:25:31,89,17.01,54.1,84.2,4.6
Vaini,100,IN,2019-06-24 16:25:31,86,15.34,74.49,79.25,1.11
Souillac,0,FR,2019-06-24 16:25:31,45,45.6,-0.6,87.80000000000001,4.1
Puerto Ayora,5,EC,2019-06-24 16:25:31,74,-0.74,-90.35,74.03,3.75
Hermanus,67,ZA,2019-06-24 16:25:31,89,-34.42,19.24,57.002,3.0
Acapulco,75,MX,2019-06-24 16:25:31,74,16.86,-99.88,84.2,1.5
Butaritari,100,KI,2019-06-24 16:25:31,80,3.07,172.79,81.41,2.51
Kumluca,0,TR,2019-06-24 16:25:31,37,36.37,30.29,78.71000000000001,1.32
Albany,40,US,2019-06-24 16:25:31,41,42.65,-73.75,80.99600000000001,3.1
Rorvik,20,NO,2019-06-24 16:25:31,71,64.86,11.24,57.2,3.6
Jamestown,100,AU,2019-06-24 16:25:31,49,-33.21,138.6,46.129999999999995,3.17
Port Macquarie,75,AU,2019-06-24 16:25:31,93,-31.43,152.91,53.006,3.1
Cherskiy,19,RU,2019-06-24 16:25:31,43,68.75,161.3,60.71,2.97
Balgazyn,100,RU,2019-06-24 16:25:31,83,51.0,95.2,49.19,10.3
Geraldton,90,CA,2019-06-24 16:25:31,63,49.72,-86.95,62.6,3.6
Viedma,63,AR,2019-06-24 16:25:31,46,-40.81,-62.99,54.59,6.61
Kyren,100,RU,2019-06-24 16:25:31,83,51.68,102.13,52.790000000000006,2.16
Surin,100,TH,2019-06-24 16:25:31,69,14.88,103.49,83.39,4.81
Bethel,40,US,2019-06-24 16:25:31,100,60.79,-161.76,53.6,2.1
Moyobamba,58,PE,2019-06-24 16:25:31,54,-6.03,-76.97,76.37,0.96
Qaanaaq,88,GL,2019-06-24 16:25:31,77,77.48,-69.36,32.81,3.61
Kijang,40,KR,2019-06-24 16:25:31,77,35.24,129.21,68.0,1.0
Narsaq,75,GL,2019-06-24 16:25:31,30,60.91,-46.05,68.0,5.7
Hilo,90,US,2019-06-24 16:25:31,83,19.71,-155.08,73.4,2.1
Katangi,45,IN,2019-06-24 16:25:31,54,21.77,79.8,85.37,0.75
Esperance,20,TT,2019-06-24 16:25:31,62,10.24,-61.45,87.99799999999999,7.7
Luanda,0,AO,2019-06-24 16:25:31,73,-8.83,13.24,77.0,5.1
Busselton,100,AU,2019-06-24 16:25:31,63,-33.64,115.35,57.002,7.7
Mataura,76,NZ,2019-06-24 16:25:31,96,-46.19,168.86,44.996,1.34
Mellieha,0,MT,2019-06-24 16:25:31,43,35.96,14.37,89.99600000000001,3.6
Kavaratti,89,IN,2019-06-24 16:25:31,79,10.57,72.64,83.57,7.75
Severo-Kurilsk,100,RU,2019-06-24 16:25:31,92,50.68,156.12,42.89,0.83
Pravda,20,BG,2019-06-24 16:25:31,73,43.16,25.69,82.994,3.1
Birjand,0,IR,2019-06-24 16:25:31,10,32.86,59.22,80.6,8.2
Harper,75,US,2019-06-24 16:25:31,66,30.3,-99.24,84.992,3.6
Saldanha,100,PT,2019-06-24 16:25:31,79,41.42,-6.55,61.06999999999999,2.52
Lebu,100,ET,2019-06-24 16:25:31,64,8.96,38.73,67.37,1.52
Kapaa,1,US,2019-06-24 16:25:31,94,22.08,-159.32,75.2,3.1
Yellowknife,40,CA,2019-06-24 16:25:31,64,62.45,-114.38,68.0,3.1
Mezotur,40,HU,2019-06-24 16:25:31,100,47.0,20.63,82.994,1.0
Vermilion,90,CA,2019-06-24 16:25:31,87,53.35,-110.85,55.400000000000006,5.1
Columbus,40,US,2019-06-24 16:25:31,70,32.46,-84.99,91.004,3.6
Galveston,90,US,2019-06-24 16:25:31,83,40.58,-86.19,73.994,7.7
Longyearbyen,75,NO,2019-06-24 16:25:31,70,78.22,15.63,46.4,3.1
Verkhnevilyuysk,36,RU,2019-06-24 16:25:31,92,63.45,120.31,58.01,1.29
Pisco,90,PE,2019-06-24 16:25:31,30,-13.71,-76.2,71.6,0.5
Tual,79,ID,2019-06-24 16:25:31,82,-5.67,132.75,79.61,9.92
Mar del Plata,87,AR,2019-06-24 16:25:31,52,-46.43,-67.52,41.27,9.74
Benbrook,90,US,2019-06-24 16:25:31,78,32.67,-97.46,78.008,2.1
Chuy,100,UY,2019-06-24 16:25:31,88,-33.69,-53.46,59.99,2.51
Lasa,20,CY,2019-06-24 16:25:31,83,34.92,32.53,89.006,7.2
Atuona,1,PF,2019-06-24 16:25:31,79,-9.8,-139.03,80.69,4.8
Rikitea,52,PF,2019-06-24 16:25:31,83,-23.12,-134.97,71.87,5.98
Hobart,0,AU,2019-06-24 16:25:31,93,-42.88,147.33,35.6,4.6
Bilma,0,NE,2019-06-24 16:25:31,8,18.69,12.92,108.59,1.72
Tiksi,0,RU,2019-06-24 16:25:31,63,71.64,128.87,50.45,2.49
Kenai,1,US,2019-06-24 16:25:31,82,60.55,-151.26,60.8,5.1
Orsk,75,RU,2019-06-24 16:25:31,28,51.23,58.47,93.2,4.0
Dukat,48,RS,2019-06-24 16:25:31,64,42.44,22.31,73.994,1.79
Ponta do Sol,0,BR,2019-06-24 16:25:31,50,-20.63,-46.0,73.31,1.27
Along,92,IN,2019-06-24 16:25:31,99,28.17,94.8,62.51,0.26
Mahebourg,75,MU,2019-06-24 16:25:31,94,-20.41,57.7,71.006,9.3
Bulolo,95,PG,2019-06-24 16:25:31,96,-7.2,146.64,67.00999999999999,0.57
Mayumba,27,GA,2019-06-24 16:25:31,80,-3.44,10.65,75.28999999999999,5.39
Bluff,0,AU,2019-06-24 16:25:31,52,-23.58,149.07,53.51,5.39
Linhares,53,BR,2019-06-24 16:25:31,64,-19.38,-40.06,79.97,1.26
Staryy Nadym,51,RU,2019-06-24 16:25:31,70,65.61,72.68,46.129999999999995,7.02
Thompson,75,CA,2019-06-24 16:25:31,60,55.74,-97.86,68.0,1.5
Sitka,0,US,2019-06-24 16:25:31,56,37.17,-99.65,71.99600000000001,3.58
Nalut,0,LY,2019-06-24 16:25:31,7,31.86,10.98,105.35000000000001,5.37
Praia,40,BR,2019-06-24 16:25:31,50,-20.25,-43.81,77.0,2.1
Katete,79,UG,2019-06-24 16:25:31,85,-0.78,29.75,70.61,0.91
Isangel,90,VU,2019-06-24 16:25:31,83,-19.55,169.27,69.80000000000001,5.1
Evensk,100,RU,2019-06-24 16:25:31,97,61.92,159.24,46.49,0.32
Goderich,100,CA,2019-06-24 16:25:31,67,43.74,-81.71,73.994,6.71
Alta Floresta,0,BR,2019-06-24 16:25:31,34,-9.87,-56.08,86.09,2.35
San Francisco,90,US,2019-06-24 16:25:31,100,37.78,-122.42,66.992,4.6
Tazovskiy,100,RU,2019-06-24 16:25:31,90,67.47,78.7,51.53,6.51
Saint-Philippe,1,CA,2019-06-24 16:25:31,27,45.36,-73.48,77.0,1.5
Cockburn Town,19,TC,2019-06-24 16:25:31,80,21.46,-71.14,79.97,6.02
Buala,24,SB,2019-06-24 16:25:31,82,-8.15,159.59,78.17,2.69
Gawler,0,AU,2019-06-24 16:25:31,51,-34.6,138.75,53.006,5.1
Beringovskiy,99,RU,2019-06-24 16:25:31,89,63.05,179.32,47.57,1.69
Elmira,40,US,2019-06-24 16:25:31,68,42.09,-76.81,77.0,2.7
Konya,20,TR,2019-06-24 16:25:31,23,37.87,32.48,84.2,5.7
Mesyagutovo,60,RU,2019-06-24 16:25:31,63,55.53,58.24,70.61,3.79
Codrington,75,AU,2019-06-24 16:25:31,93,-28.95,153.24,53.6,1.0
Ust-Omchug,100,RU,2019-06-24 16:25:31,93,61.13,149.63,40.730000000000004,1.29
Beloha,0,MG,2019-06-24 16:25:31,64,-25.17,45.06,71.15,2.59
Yong Peng,90,MY,2019-06-24 16:25:31,88,2.01,103.07,76.91,1.4
San Cristobal,91,EC,2019-06-24 16:25:31,78,-0.39,-78.55,55.004,0.89
Jacareacanga,0,BR,2019-06-24 16:25:31,40,-6.22,-57.76,88.61,2.33
Hasaki,20,JP,2019-06-24 16:25:31,93,35.73,140.83,62.995999999999995,0.5
Pringsewu,98,ID,2019-06-24 16:25:31,95,-5.36,104.98,69.71000000000001,0.78
Kununurra,0,AU,2019-06-24 16:25:31,25,-15.77,128.74,62.6,2.6
Arraial do Cabo,0,BR,2019-06-24 16:25:31,69,-22.97,-42.02,80.6,2.1
Port Elizabeth,1,US,2019-06-24 16:25:31,61,39.31,-74.98,86.0,2.1
Bambous Virieux,75,MU,2019-06-24 16:25:31,94,-20.34,57.76,71.006,9.3
Jatai,99,IN,2019-06-24 16:25:31,35,28.97,76.18,99.41000000000001,5.92
Baherden,0,TM,2019-06-24 16:25:31,12,38.44,57.43,86.63,6.34
Port Alfred,100,ZA,2019-06-24 16:25:31,89,-33.59,26.89,60.998000000000005,1.34
Georgetown,40,GY,2019-06-24 16:25:31,83,6.8,-58.16,82.4,4.1
Kruisfontein,100,ZA,2019-06-24 16:25:31,83,-34.0,24.73,54.59,7.61
Port Blair,100,IN,2019-06-24 16:25:31,80,11.67,92.75,80.87,2.87
Aldan,26,RU,2019-06-24 16:25:31,90,58.61,125.39,47.39,0.7
Tasiilaq,90,GL,2019-06-24 16:25:31,93,65.61,-37.64,42.8,2.6
Tuktoyaktuk,40,CA,2019-06-24 16:25:31,70,69.44,-133.03,48.2,2.6
Kemalpasa,0,TR,2019-06-24 16:25:31,22,38.43,27.42,96.998,3.1
Conde,56,BR,2019-06-24 16:25:31,87,-11.81,-37.61,76.73,3.48
Victoria,75,BN,2019-06-24 16:25:31,88,5.28,115.24,80.6,2.17
Airai,17,TL,2019-06-24 16:25:31,81,-8.93,125.41,66.47,3.04
Alice Springs,3,AU,2019-06-24 16:25:31,41,-23.7,133.88,41.0,3.74
Umm Lajj,0,SA,2019-06-24 16:25:31,74,25.02,37.27,85.55000000000001,5.44
Lake City,1,US,2019-06-24 16:25:31,46,38.03,-107.32,57.002,1.5
Daru,100,SL,2019-06-24 16:25:31,62,7.99,-10.85,85.91,1.66
Iskateley,100,RU,2019-06-24 16:25:31,82,67.68,53.15,42.17,6.56
Gubkinskiy,100,RU,2019-06-24 16:25:31,62,64.43,76.5,61.25,5.69
Carnarvon,81,ZA,2019-06-24 16:25:31,24,-30.97,22.13,56.39,3.51
Cayenne,100,GF,2019-06-24 16:25:31,70,4.94,-52.33,86.0,4.1
Khatanga,100,RU,2019-06-24 16:25:31,54,71.98,102.47,68.27,4.75
Hamilton,40,BM,2019-06-24 16:25:31,57,32.3,-64.78,78.80000000000001,3.6
Egvekinot,21,RU,2019-06-24 16:25:31,59,66.32,-179.17,45.59,1.79
Thinadhoo,34,MV,2019-06-24 16:25:31,75,0.53,72.93,83.75,3.63
Conceicao do Araguaia,87,BR,2019-06-24 16:25:31,39,-8.26,-49.26,88.61,2.99
Tenenkou,7,ML,2019-06-24 16:25:31,12,14.46,-4.91,106.97,1.94
Kavieng,44,PG,2019-06-24 16:25:31,75,-2.57,150.8,83.57,2.77
Fukuma,0,JP,2019-06-24 16:25:31,82,33.77,130.47,68.0,1.5
Darovskoy,99,RU,2019-06-24 16:25:31,55,58.77,47.96,64.49000000000001,2.16
Mutoko,24,ZW,2019-06-24 16:25:31,31,-17.4,32.23,72.59,2.24
Tura,35,IN,2019-06-24 16:25:31,76,25.52,90.21,84.11,2.78
Cheyenne,1,US,2019-06-24 16:25:31,32,41.14,-104.82,73.004,8.7
Tomatlan,0,MX,2019-06-24 16:25:31,67,19.93,-105.25,80.15,2.26
Ponta Delgada,40,PT,2019-06-24 16:25:31,56,37.73,-25.67,69.80000000000001,5.7
Maningrida,0,AU,2019-06-24 16:25:31,75,-12.05,134.23,59.99,4.22
Eregli,0,TR,2019-06-24 16:25:31,28,37.51,34.05,82.85,4.96
Lata,100,IN,2019-06-24 16:25:31,78,30.78,78.62,45.77,1.75
Sechura,100,PE,2019-06-24 16:25:31,86,-5.56,-80.82,64.49000000000001,3.42
Pacific Grove,90,US,2019-06-24 16:25:31,87,36.62,-121.92,60.998000000000005,2.05
Charters Towers,0,AU,2019-06-24 16:25:31,65,-20.07,146.27,55.31,4.98
Amberley,62,NZ,2019-06-24 16:25:31,93,-43.15,172.73,41.0,2.6
Iqaluit,20,CA,2019-06-24 16:25:31,44,63.75,-68.52,60.008,4.6
Laguna,5,MX,2019-06-24 16:25:31,37,27.52,-110.01,86.0,1.0
Elizabeth City,75,US,2019-06-24 16:25:31,65,36.3,-76.22,87.008,2.65
Nurlat,84,RU,2019-06-24 16:25:31,75,54.43,50.8,69.35,3.83
Husavik,18,CA,2019-06-24 16:25:31,49,50.56,-96.99,75.00200000000001,0.77
New Norfolk,0,AU,2019-06-24 16:25:31,93,-42.78,147.06,35.6,4.6
Gondanglegi,7,ID,2019-06-24 16:25:31,93,-7.75,112.01,68.45,2.85
Peniche,20,PT,2019-06-24 16:25:31,60,39.36,-9.38,73.994,4.1
Antofagasta,75,CL,2019-06-24 16:25:31,55,-23.65,-70.4,62.6,2.6
Tuyen Quang,100,VN,2019-06-24 16:25:31,87,21.82,105.22,79.25,0.73
Clyde River,90,CA,2019-06-24 16:25:31,58,70.47,-68.59,53.6,7.7
Marsh Harbour,11,BS,2019-06-24 16:25:31,75,26.54,-77.06,83.03,4.75
Cidreira,100,BR,2019-06-24 16:25:31,58,-30.17,-50.22,74.93,4.41
Hualmay,100,PE,2019-06-24 16:25:31,83,-11.1,-77.61,62.150000000000006,5.05
Kalabo,0,ZM,2019-06-24 16:25:31,20,-15.0,22.67,80.87,1.79
Samarai,85,PG,2019-06-24 16:25:31,96,-10.62,150.67,74.75,2.97
Honiara,20,SB,2019-06-24 16:25:31,94,-9.43,159.96,73.4,2.1
Point Pedro,19,LK,2019-06-24 16:25:31,83,9.82,80.23,84.65,12.35
Talnakh,0,RU,2019-06-24 16:25:31,67,69.49,88.39,62.6,5.0
Ostringen,0,DE,2019-06-24 16:25:31,40,49.22,8.71,91.004,4.1
Coripata,0,BO,2019-06-24 16:25:31,17,-16.31,-67.6,51.8,3.1
Biltine,0,TD,2019-06-24 16:25:31,15,14.53,20.93,103.19,1.45
Kuldur,100,RU,2019-06-24 16:25:31,96,49.22,131.63,62.87,3.12
Healdsburg,75,US,2019-06-24 16:25:31,93,38.61,-122.87,71.99600000000001,1.5
Nikolskoye,0,RU,2019-06-24 16:25:31,48,59.7,30.79,68.0,9.0
Kotma,100,IN,2019-06-24 16:25:31,51,23.2,81.98,89.15,1.06
Naryan-Mar,100,RU,2019-06-24 16:25:31,82,67.67,53.09,42.17,6.56
Bodo,98,CI,2019-06-24 16:25:31,92,5.91,-4.68,77.63,2.7
Luderitz,0,NA,2019-06-24 16:25:31,46,-26.65,15.16,69.80000000000001,0.5
Barrow,100,AR,2019-06-24 16:25:31,52,-38.31,-60.23,54.59,2.04
Kerema,100,PG,2019-06-24 16:25:31,85,-7.96,145.78,79.07,7.57
Moranbah,0,AU,2019-06-24 16:25:31,62,-22.0,148.04,52.61,5.28
Bazaliya,61,UA,2019-06-24 16:25:31,77,49.71,26.47,74.75,3.21
Phonhong,75,LA,2019-06-24 16:25:31,83,18.5,102.42,82.4,7.2
Oktyabrskoye,0,RU,2019-06-24 16:25:31,66,56.73,85.44,59.0,3.0
Avarua,73,CK,2019-06-24 16:25:31,73,-21.21,-159.78,71.6,3.6
Dikson,78,RU,2019-06-24 16:25:31,61,73.51,80.55,46.31,5.27
Zhigalovo,83,RU,2019-06-24 16:25:31,51,54.81,105.15,60.89,2.16
Vao,67,EE,2019-06-24 16:25:31,42,59.1,26.19,67.00999999999999,4.92
Nokaneng,0,BW,2019-06-24 16:25:31,16,-19.66,22.19,78.35,1.8
Miri,100,NG,2019-06-24 16:25:31,43,10.31,9.75,86.63,1.98
Prinos,75,GR,2019-06-24 16:25:31,38,39.57,21.61,87.99799999999999,6.2
Timbuktu,20,ML,2019-06-24 16:25:31,5,16.77,-3.01,112.55,6.04
Provideniya,69,RU,2019-06-24 16:25:31,88,64.42,-173.23,43.61,0.57
Tiznit,0,MA,2019-06-24 16:25:31,86,29.7,-9.73,67.37,4.1
Roswell,1,US,2019-06-24 16:25:31,50,33.39,-104.52,75.2,3.1
Bathsheba,40,BB,2019-06-24 16:25:31,70,13.22,-59.52,86.0,10.8
Katsuura,20,JP,2019-06-24 16:25:31,73,33.93,134.5,71.6,1.5
Lavrentiya,51,RU,2019-06-24 16:25:31,92,65.58,-170.99,34.97,2.0
Sonoita,1,US,2019-06-24 16:25:31,14,31.68,-110.66,87.99799999999999,6.2
Antsohihy,12,MG,2019-06-24 16:25:31,72,-14.88,47.99,78.53,3.56
Petatlan,75,MX,2019-06-24 16:25:31,79,17.52,-101.27,84.2,2.6
High Prairie,100,CA,2019-06-24 16:25:31,95,55.43,-116.48,53.69,3.27
Mitsamiouli,20,KM,2019-06-24 16:25:31,78,-11.38,43.28,78.80000000000001,3.1
Pevek,0,RU,2019-06-24 16:25:31,71,69.7,170.27,39.65,4.5
Jalu,0,LY,2019-06-24 16:25:31,13,29.03,21.55,102.47,6.17
La Ronge,90,CA,2019-06-24 16:25:31,76,55.1,-105.3,57.2,4.1
Sumbe,0,AO,2019-06-24 16:25:31,75,-11.2,13.84,77.0,5.1
Acajutla,100,SV,2019-06-24 16:25:31,67,13.59,-89.83,83.57,2.27
Palmer,0,AU,2019-06-24 16:25:31,58,-34.85,139.16,53.006,5.1
Ewa Beach,90,US,2019-06-24 16:25:31,94,21.32,-158.01,78.80000000000001,2.1
Taoudenni,0,ML,2019-06-24 16:25:31,5,22.68,-3.98,115.25,5.57
Tuatapere,66,NZ,2019-06-24 16:25:31,96,-46.13,167.69,44.996,1.34
Karpogory,13,RU,2019-06-24 16:25:31,47,64.0,44.44,56.21,4.17
Kalmunai,100,LK,2019-06-24 16:25:31,74,7.42,81.82,81.77,1.57
Guerrero Negro,100,MX,2019-06-24 16:25:31,84,27.97,-114.04,63.59,4.65
Alberton,0,ZA,2019-06-24 16:25:31,30,-26.25,28.13,60.008,1.17
San Quintin,100,PH,2019-06-24 16:25:31,87,17.54,120.52,78.89,1.5
Yangcun,61,CN,2019-06-24 16:25:31,79,29.98,118.17,68.63,1.69
Nanao,4,JP,2019-06-24 16:25:31,99,37.05,136.95,68.0,4.38
Kloulklubed,75,PW,2019-06-24 16:25:31,94,7.04,134.26,77.0,3.1
Fort Nelson,75,CA,2019-06-24 16:25:31,77,58.81,-122.69,59.0,3.1
Marzuq,100,YE,2019-06-24 16:25:31,17,14.4,46.47,88.07,6.83
Labytnangi,99,RU,2019-06-24 16:25:31,94,66.66,66.39,36.05,2.53
Kuching,75,MY,2019-06-24 16:25:31,94,1.56,110.34,80.6,0.5
East London,0,ZA,2019-06-24 16:25:31,63,-33.02,27.91,62.6,1.5
Flinders,75,AU,2019-06-24 16:25:31,100,-34.58,150.85,57.002,2.1
Abu Dhabi,0,AE,2019-06-24 16:25:31,53,24.47,54.37,96.8,3.1
Hienghene,98,NC,2019-06-24 16:25:31,95,-20.68,164.93,64.31,0.94
Bougouni,5,ML,2019-06-24 16:25:31,28,11.42,-7.49,99.41000000000001,1.95
Zhireken,8,RU,2019-06-24 16:25:31,91,52.82,117.29,52.97,0.74
Leningradskiy,3,RU,2019-06-24 16:25:31,81,69.38,178.42,35.87,0.51
Ancud,40,CL,2019-06-24 16:25:31,86,-41.87,-73.83,39.2,5.7
Gizo,20,IL,2019-06-24 16:25:31,70,31.8,34.94,84.992,6.2
Kigorobya,12,UG,2019-06-24 16:25:31,64,1.62,31.31,78.17,1.45
Upernavik,98,GL,2019-06-24 16:25:31,87,72.79,-56.15,37.13,3.25
College,90,US,2019-06-24 16:25:31,93,64.86,-147.8,59.0,0.89
Adrar,0,DZ,2019-06-24 16:25:31,3,27.87,-0.29,113.0,2.6
Skarnes,0,NO,2019-06-24 16:25:31,37,60.25,11.68,73.994,3.6
Seoul,1,KR,2019-06-24 16:25:31,82,37.57,126.98,69.80000000000001,1.0
Gushikawa,40,JP,2019-06-24 16:25:31,94,26.35,127.87,78.80000000000001,1.5
Pyay,100,MM,2019-06-24 16:25:31,82,18.82,95.22,82.31,1.25
Fortuna,0,ES,2019-06-24 16:25:31,57,38.18,-1.13,89.6,3.1
Honningsvag,75,NO,2019-06-24 16:25:31,66,70.98,25.97,53.6,9.8
Ulladulla,75,AU,2019-06-24 16:25:31,100,-35.36,150.48,51.8,2.1
Te Anau,0,NZ,2019-06-24 16:25:31,82,-45.41,167.72,40.730000000000004,0.87
Koson,0,UZ,2019-06-24 16:25:31,16,39.04,65.59,91.4,4.1
Sinnamary,99,GF,2019-06-24 16:25:31,89,5.38,-52.96,76.91,3.18
Naro-Fominsk,0,RU,2019-06-24 16:25:31,27,55.39,36.74,78.99799999999999,5.0
Bubaque,74,GW,2019-06-24 16:25:31,76,11.28,-15.83,79.78999999999999,5.06
Taonan,90,CN,2019-06-24 16:25:31,45,45.34,122.78,78.89,3.96
Quang Ngai,100,VN,2019-06-24 16:25:31,90,15.12,108.8,75.83000000000001,1.24
Gat,0,SN,2019-06-24 16:25:31,43,14.69,-16.54,87.80000000000001,5.7
Balikpapan,100,ID,2019-06-24 16:25:31,98,-1.24,116.86,72.59,1.08
Utinga,40,BR,2019-06-24 16:25:31,58,-5.82,-35.4,86.0,5.1
Hollister,40,US,2019-06-24 16:25:31,87,36.85,-121.4,75.00200000000001,0.8
Ribeira Grande,20,PT,2019-06-24 16:25:31,64,38.52,-28.7,69.80000000000001,3.6
Sola,90,NO,2019-06-24 16:25:31,87,58.89,5.65,60.008,3.1
Cabo San Lucas,5,MX,2019-06-24 16:25:31,39,22.89,-109.91,89.99600000000001,1.0
Ngaoundere,75,CM,2019-06-24 16:25:31,78,7.32,13.58,73.4,2.1
Churapcha,93,RU,2019-06-24 16:25:31,79,62.0,132.43,56.75,3.85
Jati,0,PK,2019-06-24 16:25:31,64,24.35,68.27,87.53,6.41
Gorno-Altaysk,78,RU,2019-06-24 16:25:31,91,51.96,85.96,50.629999999999995,2.64
Creel,0,MX,2019-06-24 16:25:31,17,27.75,-107.63,68.99000000000001,1.43
Saskylakh,3,RU,2019-06-24 16:25:31,46,71.97,114.09,64.67,3.88
Malindi,0,KE,2019-06-24 16:25:31,75,-3.22,40.12,77.63,5.62
Half Moon Bay,75,US,2019-06-24 16:25:31,82,37.46,-122.43,71.006,2.1
Faanui,42,PF,2019-06-24 16:25:31,81,-16.48,-151.75,77.45,11.34
Shijak,40,AL,2019-06-24 16:25:31,83,41.34,19.57,75.2,1.5
Caravelas,18,BR,2019-06-24 16:25:31,65,-17.73,-39.27,79.25,1.45
Kindu,43,CD,2019-06-24 16:25:31,28,-2.95,25.92,92.21000000000001,0.51
Tamandare,48,BR,2019-06-24 16:25:31,52,-8.28,-70.75,86.63,0.78
Houston,1,US,2019-06-24 16:25:31,83,29.76,-95.37,77.0,7.2
Nanortalik,24,GL,2019-06-24 16:25:31,60,60.14,-45.24,52.43,7.03
Matagami,100,NG,2019-06-24 16:25:31,74,9.67,8.4,75.83000000000001,0.18
Belluno,20,IT,2019-06-24 16:25:31,51,46.14,12.22,89.6,3.1
Qaqortoq,75,GL,2019-06-24 16:25:31,30,60.72,-46.03,68.0,5.7
Waipawa,48,NZ,2019-06-24 16:25:31,94,-39.94,176.59,39.992000000000004,0.89
Ahuimanu,75,US,2019-06-24 16:25:31,100,21.44,-157.84,78.80000000000001,1.05
Nome,90,US,2019-06-24 16:25:31,88,30.04,-94.42,71.99600000000001,5.1
Felipe Carrillo Puerto,14,MX,2019-06-24 16:25:31,52,19.58,-88.05,88.97,2.52
Salisbury,75,GB,2019-06-24 16:25:31,60,51.07,-1.8,78.008,2.6
Sioux Lookout,90,CA,2019-06-24 16:25:31,100,50.1,-91.92,62.6,1.0
Coahuayana,100,MX,2019-06-24 16:25:31,93,18.62,-100.35,72.77,0.91
Srednekolymsk,0,RU,2019-06-24 16:25:31,51,67.46,153.71,61.43000000000001,2.83
Igarka,0,RU,2019-06-24 16:25:31,57,67.47,86.57,64.85,3.32
Berlevag,75,NO,2019-06-24 16:25:31,66,70.86,29.09,51.8,5.1
Imperial Beach,90,US,2019-06-24 16:25:31,82,32.58,-117.11,69.008,3.1
Arman,76,RU,2019-06-24 16:25:31,98,59.7,150.17,38.03,0.96
Port Hardy,90,CA,2019-06-24 16:25:31,93,50.7,-127.42,51.8,2.1
Dudinka,0,RU,2019-06-24 16:25:31,67,69.41,86.18,62.6,5.0
Tigil,100,RU,2019-06-24 16:25:31,84,57.8,158.67,41.629999999999995,2.07
Igrim,38,RU,2019-06-24 16:25:31,53,63.19,64.42,55.31,2.47
Coihaique,20,CL,2019-06-24 16:25:31,94,-45.58,-72.07,41.0,1.5
Kaliua,10,TZ,2019-06-24 16:25:31,36,-5.06,31.79,82.67,1.84
Vagamo,100,NO,2019-06-24 16:25:31,30,61.88,9.1,59.269999999999996,0.81
Camden,75,US,2019-06-24 16:25:31,48,39.94,-75.12,84.992,1.5
Rodez,0,FR,2019-06-24 16:25:31,39,44.35,2.57,82.994,6.7
Hastings,48,NZ,2019-06-24 16:25:31,87,-39.64,176.84,44.33,2.8
Kabompo,66,ZM,2019-06-24 16:25:31,33,-13.6,24.21,76.73,1.61
Beya,62,RU,2019-06-24 16:25:31,68,53.05,90.92,50.629999999999995,2.19
Kaitangata,30,NZ,2019-06-24 16:25:31,83,-46.28,169.85,46.004000000000005,2.68
Worcester,20,GB,2019-06-24 16:25:31,64,52.19,-2.22,77.0,2.6
Mujiayingzi,35,CN,2019-06-24 16:25:31,34,42.12,118.78,70.07,3.73
Oksfjord,75,NO,2019-06-24 16:25:31,66,70.24,22.35,55.400000000000006,4.1
Reconquista,100,AR,2019-06-24 16:25:31,57,-29.14,-59.64,75.65,5.84
Canchungo,0,GW,2019-06-24 16:25:31,43,12.07,-16.03,91.4,1.5
Saint-Joseph,0,FR,2019-06-24 16:25:31,45,43.56,6.97,89.6,3.1
Koumac,81,NC,2019-06-24 16:25:31,83,-20.56,164.28,69.89,2.2
Portree,100,GB,2019-06-24 16:25:31,79,57.41,-6.19,60.008,4.47
Kasongo-Lunda,39,CD,2019-06-24 16:25:31,19,-6.48,16.82,89.50999999999999,1.2
Yiyang,4,CN,2019-06-24 16:25:31,87,28.59,112.35,71.15,0.72
Tubuala,40,PA,2019-06-24 16:25:31,70,9.52,-79.03,87.80000000000001,3.1
Sipoo,0,FI,2019-06-24 16:25:31,30,60.38,25.27,71.006,5.7
Saint George,75,GR,2019-06-24 16:25:31,38,39.45,22.34,87.99799999999999,6.2
Norman Wells,20,CA,2019-06-24 16:25:31,72,65.28,-126.83,62.6,3.1
Hay River,75,CA,2019-06-24 16:25:31,87,60.82,-115.79,60.8,2.1
Komsomolskiy,98,RU,2019-06-24 16:25:31,81,67.55,63.78,39.83,6.12
Marsa Matruh,0,EG,2019-06-24 16:25:31,58,31.35,27.25,86.0,5.1
Christchurch,62,NZ,2019-06-24 16:25:31,93,-43.53,172.64,41.0,2.6
Anloga,20,GH,2019-06-24 16:25:31,78,5.79,0.9,82.4,6.7
Phalaborwa,19,ZA,2019-06-24 16:25:31,45,-23.95,31.14,68.0,1.5
Morondava,0,MG,2019-06-24 16:25:31,70,-20.3,44.28,77.27,4.36
Cabra,0,ES,2019-06-24 16:25:31,33,37.47,-4.43,91.4,4.1
Dunda,59,IN,2019-06-24 16:25:31,75,30.62,78.32,72.41,2.94
Kahului,1,US,2019-06-24 16:25:31,88,20.89,-156.47,75.992,5.01
Ushirombo,85,TZ,2019-06-24 16:25:31,42,-3.47,31.9,80.33000000000001,1.55
Nogliki,100,RU,2019-06-24 16:25:31,99,51.8,143.14,46.67,2.19
Mayya,75,RU,2019-06-24 16:25:31,93,61.74,130.28,60.8,3.0
Ambovombe,0,MG,2019-06-24 16:25:31,85,-25.18,46.09,72.77,5.56
Korsakov,33,RU,2019-06-24 16:25:31,93,46.63,142.78,42.8,1.0
Yablochnyy,14,RU,2019-06-24 16:25:31,93,47.17,142.07,42.8,1.0
Wasilla,90,US,2019-06-24 16:25:31,77,61.58,-149.44,62.995999999999995,1.5
Durango,1,US,2019-06-24 16:25:31,32,37.28,-107.88,66.2,2.6
Necochea,100,AR,2019-06-24 16:25:31,91,-38.55,-58.74,51.998000000000005,1.79
Dusti,40,TJ,2019-06-24 16:25:31,32,37.35,68.68,84.2,2.0
Ahipara,0,NZ,2019-06-24 16:25:31,73,-35.17,173.16,57.83,8.14
Gravdal,75,NO,2019-06-24 16:25:31,93,59.79,5.78,57.992000000000004,2.6
Moose Factory,1,CA,2019-06-24 16:25:31,35,51.26,-80.61,71.6,5.1
Mount Gambier,100,AU,2019-06-24 16:25:31,81,-37.83,140.78,44.6,2.6
Nurota,0,UZ,2019-06-24 16:25:31,13,40.56,65.69,89.6,3.1
Balaguer,0,ES,2019-06-24 16:25:31,22,41.79,0.81,91.994,8.2
Karratha,0,AU,2019-06-24 16:25:31,51,-20.74,116.85,68.27,0.49
Copiapo,90,CL,2019-06-24 16:25:31,67,-27.37,-70.33,59.0,7.7
Port Lincoln,100,AU,2019-06-24 16:25:31,83,-34.72,135.86,50.269999999999996,10.38
Kudat,75,MY,2019-06-24 16:25:31,83,6.89,116.84,82.4,1.5
Nemuro,100,JP,2019-06-24 16:25:31,93,43.32,145.57,48.650000000000006,0.96
Chokurdakh,0,RU,2019-06-24 16:25:31,45,70.62,147.9,63.05,4.28
Xai-Xai,1,MZ,2019-06-24 16:25:31,74,-25.04,33.64,67.37,1.73
Bani Walid,0,LY,2019-06-24 16:25:31,9,31.76,14.0,100.67,3.99
Zaysan,100,KZ,2019-06-24 16:25:31,59,47.47,84.87,57.47,3.17
Biak,89,ID,2019-06-24 16:25:31,97,-0.91,122.88,64.49000000000001,1.83
Kaoma,0,ZM,2019-06-24 16:25:31,22,-14.8,24.8,79.78999999999999,2.95
Palu,100,ID,2019-06-24 16:25:31,93,-0.9,119.87,74.21000000000001,1.48
Dakar,0,SN,2019-06-24 16:25:31,45,14.69,-17.45,87.80000000000001,5.1
Bud,0,NO,2019-06-24 16:25:31,63,62.91,6.91,64.4,4.1
Dingalan,100,PH,2019-06-24 16:25:31,88,15.39,121.39,79.61,2.43
Kyabram,67,AU,2019-06-24 16:25:31,84,-36.31,145.05,39.002,2.24
Eureka,75,US,2019-06-24 16:25:31,93,40.8,-124.16,57.992000000000004,10.03
Darhan,100,MN,2019-06-24 16:25:31,63,49.49,105.92,65.57,4.48
Aberdeen,1,US,2019-06-24 16:25:31,49,45.47,-98.49,75.992,2.22
Yulara,18,AU,2019-06-24 16:25:31,33,-25.24,130.99,44.6,2.6
Birao,33,CF,2019-06-24 16:25:31,38,10.3,22.78,93.47,2.36
Santa Maria da Boa Vista,97,BR,2019-06-24 16:25:31,26,-8.8,-39.83,86.45,6.81
Hobyo,0,SO,2019-06-24 16:25:31,67,5.35,48.53,79.97,12.29
Aykhal,0,RU,2019-06-24 16:25:31,39,65.95,111.51,66.2,2.0
Vila Franca do Campo,40,PT,2019-06-24 16:25:31,56,37.72,-25.43,69.80000000000001,5.7
Suileng,100,CN,2019-06-24 16:25:31,82,47.25,127.08,69.17,2.22
Polyarnyy,0,RU,2019-06-24 16:25:31,33,69.2,33.45,59.0,4.0
Maumere,0,ID,2019-06-24 16:25:31,74,-8.63,122.22,72.05000000000001,2.88
Sibinal,75,GT,2019-06-24 16:25:31,70,15.15,-92.05,87.80000000000001,1.0
Trelew,100,AR,2019-06-24 16:25:31,53,-43.25,-65.31,47.03,8.86
Whitehorse,75,CA,2019-06-24 16:25:31,100,60.72,-135.06,55.004,1.0
Linxia,64,CN,2019-06-24 16:25:31,85,35.6,103.21,55.67,5.83
Kaeo,13,NZ,2019-06-24 16:25:31,93,-35.1,173.78,48.992000000000004,1.79
Muros,40,ES,2019-06-24 16:25:31,64,42.77,-9.06,69.99799999999999,3.6
Pangody,13,RU,2019-06-24 16:25:31,69,65.85,74.49,50.269999999999996,7.89
Klaksvik,0,FO,2019-06-24 16:25:31,71,62.23,-6.59,55.400000000000006,2.6
Strezhevoy,75,RU,2019-06-24 16:25:31,82,60.73,77.6,62.6,2.0
Fairbanks,90,US,2019-06-24 16:25:31,93,64.84,-147.72,59.0,0.89
Labuhan,9,ID,2019-06-24 16:25:31,96,-2.54,115.51,72.95,1.04
Mount Isa,0,AU,2019-06-24 16:25:31,27,-20.73,139.49,50.0,4.1
Berdigestyakh,20,RU,2019-06-24 16:25:31,98,62.1,126.7,53.870000000000005,2.43
Kirakira,9,SB,2019-06-24 16:25:31,86,-10.46,161.92,76.73,1.83
Paamiut,100,GL,2019-06-24 16:25:31,94,61.99,-49.67,40.19,6.23
Newport,80,GB,2019-06-24 16:25:31,77,51.59,-3.0,75.992,5.1
Izumo,20,JP,2019-06-24 16:25:31,82,35.37,132.75,62.6,2.1
Mongoumba,82,CD,2019-06-24 16:25:31,56,3.64,18.59,85.73,2.6
Severodvinsk,90,RU,2019-06-24 16:25:31,76,64.56,39.82,48.2,2.0
Meix-devant-Virton,0,FR,2019-06-24 16:25:31,40,49.61,5.48,89.99600000000001,2.6
Hargeysa,68,SO,2019-06-24 16:25:31,60,9.56,44.06,73.13,2.68
Jiangkou,88,CN,2019-06-24 16:25:31,91,30.7,117.56,68.81,1.35
Sekoma,0,BW,2019-06-24 16:25:31,14,-24.51,23.93,66.11,1.82
Torbay,40,CA,2019-06-24 16:25:31,52,47.66,-52.73,64.4,8.7
Aklavik,90,CA,2019-06-24 16:25:31,81,68.22,-135.01,57.2,1.0
Anito,100,PH,2019-06-24 16:25:31,96,12.45,125.29,75.47,1.81
Kuytun,100,RU,2019-06-24 16:25:31,66,54.34,101.51,65.57,4.4
Hofn,20,IS,2019-06-24 16:25:31,59,64.25,-15.21,62.6,7.2
Pudozh,100,RU,2019-06-24 16:25:31,68,61.81,36.54,57.47,2.63
Mbabane,0,SZ,2019-06-24 16:25:31,58,-26.33,31.14,71.6,3.6
Minab,0,IR,2019-06-24 16:25:31,56,27.15,57.07,96.8,2.1
Tornio,0,FI,2019-06-24 16:25:31,32,61.12,27.27,69.80000000000001,3.6
Guadalajara,0,ES,2019-06-24 16:25:31,24,40.63,-3.16,91.004,5.1
Tabat,62,ID,2019-06-24 16:25:31,96,-2.64,115.23,74.21000000000001,1.02
Yaan,100,NG,2019-06-24 16:25:31,97,7.38,8.57,69.17,4.31
Phalodi,67,IN,2019-06-24 16:25:31,33,27.13,72.36,97.25,7.63
Onega,47,RU,2019-06-24 16:25:31,71,63.91,38.09,47.21,4.4
Mampong,28,GH,2019-06-24 16:25:31,79,7.06,-1.4,83.39,2.1
Buchanan,75,LR,2019-06-24 16:25:31,74,5.88,-10.05,84.2,4.1
Marawi,100,PH,2019-06-24 16:25:31,95,8.0,124.29,73.994,2.24
Bandarbeyla,4,SO,2019-06-24 16:25:31,56,9.49,50.81,84.11,11.28
Cap Malheureux,75,MU,2019-06-24 16:25:31,88,-19.98,57.61,71.6,6.2
Ostersund,0,SE,2019-06-24 16:25:31,51,63.18,14.64,60.8,2.1
Vanavara,0,RU,2019-06-24 16:25:31,64,60.35,102.28,62.33,2.52
Itarema,0,BR,2019-06-24 16:25:31,56,-2.92,-39.92,86.45,4.65
Estacion Coahuila,1,MX,2019-06-24 16:25:31,23,32.19,-115.0,87.008,5.1
Tucumcari,1,US,2019-06-24 16:25:31,46,35.17,-103.73,73.4,2.6
Ayan,49,TR,2019-06-24 16:25:31,60,40.67,33.6,70.25,2.74
Barranca,100,PE,2019-06-24 16:25:31,83,-10.75,-77.76,62.150000000000006,5.05
Amalapuram,40,IN,2019-06-24 16:25:31,65,16.58,82.0,82.4,3.1
Omsukchan,84,RU,2019-06-24 16:25:31,88,62.53,155.8,41.45,1.56
Sovetskiy,0,RU,2019-06-24 16:25:31,58,56.76,48.47,67.73,3.82
Bac Giang,75,VN,2019-06-24 16:25:31,94,21.27,106.2,80.6,1.5
Koslan,99,RU,2019-06-24 16:25:31,44,63.46,48.9,57.83,3.79
Inhambane,40,MZ,2019-06-24 16:25:31,69,-23.87,35.38,73.4,1.0
Santana,75,BR,2019-06-24 16:25:31,70,-0.06,-51.18,87.80000000000001,3.6
Tumen,57,CN,2019-06-24 16:25:31,98,42.97,129.84,56.75,1.47
Paciran,0,ID,2019-06-24 16:25:31,82,-6.9,112.33,71.33000000000001,2.02
Seddon,18,NZ,2019-06-24 16:25:31,91,-41.67,174.07,35.006,2.96
Hendek,0,TR,2019-06-24 16:25:31,54,40.8,30.75,82.4,4.1
Sovetskaya Gavan,76,RU,2019-06-24 16:25:31,96,48.97,140.29,50.81,0.94
Omboue,0,GA,2019-06-24 16:25:31,79,-1.57,9.26,75.65,6.52
Taltal,61,CL,2019-06-24 16:25:31,81,-25.41,-70.49,53.51,2.17
Slonim,20,BY,2019-06-24 16:25:31,65,53.09,25.32,72.77,3.56
Buzovna,0,AZ,2019-06-24 16:25:31,24,40.52,50.11,89.6,2.6
Huntingdon,20,GB,2019-06-24 16:25:31,61,52.33,-0.18,78.99799999999999,4.1
Sorong,47,ID,2019-06-24 16:25:31,94,-0.86,131.25,76.19,2.7
Tautira,41,PF,2019-06-24 16:25:31,83,-17.73,-149.15,71.6,1.5
Elliot Lake,90,CA,2019-06-24 16:25:31,77,46.37,-82.65,62.6,2.6
Poum,75,MK,2019-06-24 16:25:31,56,41.28,20.71,71.6,2.6
Joshimath,41,IN,2019-06-24 16:25:31,77,30.57,79.57,56.57,1.31
Ostrovnoy,100,RU,2019-06-24 16:25:31,76,68.05,39.51,43.07,6.02
Isla Mujeres,75,MX,2019-06-24 16:25:31,74,21.23,-86.73,87.80000000000001,4.6
Dzhebariki-Khaya,21,RU,2019-06-24 16:25:31,76,62.22,135.8,52.97,2.64
Palenque,75,MX,2019-06-24 16:25:31,70,17.51,-91.98,87.80000000000001,5.1
Carman,1,CA,2019-06-24 16:25:31,49,49.51,-98.0,73.994,2.71
Tyup,39,KG,2019-06-24 16:25:31,84,42.73,78.36,39.47,1.72
Port Hedland,0,AU,2019-06-24 16:25:31,71,-20.31,118.58,57.2,1.5
Tromso,75,NO,2019-06-24 16:25:31,81,69.65,18.96,51.8,5.7
Matadi,82,CD,2019-06-24 16:25:31,41,-5.83,13.46,88.43,4.07
Nouakchott,0,MR,2019-06-24 16:25:31,43,18.08,-15.98,87.80000000000001,8.2
Nishihara,75,JP,2019-06-24 16:25:31,93,35.74,139.53,69.008,1.5
Vazante,0,BR,2019-06-24 16:25:31,53,-17.99,-46.9,75.65,3.18
Palatka,20,US,2019-06-24 16:25:31,62,29.65,-81.64,95.0,2.6
Vilyuysk,81,RU,2019-06-24 16:25:31,92,63.75,121.63,59.269999999999996,0.48
Havoysund,75,NO,2019-06-24 16:25:31,66,71.0,24.66,53.6,9.8
Nagorsk,98,RU,2019-06-24 16:25:31,50,59.32,50.8,63.230000000000004,2.99
Ranong,40,TH,2019-06-24 16:25:31,100,9.96,98.62,78.80000000000001,3.63
Touros,40,BR,2019-06-24 16:25:31,58,-5.2,-35.46,86.0,5.1
Bembereke,46,BJ,2019-06-24 16:25:31,50,10.23,2.66,91.67,2.39
Belyy Yar,0,RU,2019-06-24 16:25:31,67,53.6,91.39,57.2,3.0
Yavaros,0,MX,2019-06-24 16:25:31,31,26.7,-109.52,91.004,0.45
Abrau-Dyurso,40,RU,2019-06-24 16:25:31,69,44.7,37.6,80.6,3.0
Salinopolis,8,BR,2019-06-24 16:25:31,72,-0.61,-47.36,82.85,6.03
Poronaysk,100,RU,2019-06-24 16:25:31,95,49.22,143.1,46.49,1.77
Severnoye,100,RU,2019-06-24 16:25:31,85,54.09,52.54,71.50999999999999,3.29
Kamenka,11,RU,2019-06-24 16:25:31,47,53.19,44.05,82.004,3.58
Dauriya,12,RU,2019-06-24 16:25:31,63,49.93,116.85,65.39,6.62
Lucapa,0,AO,2019-06-24 16:25:31,15,-8.42,20.74,87.71000000000001,2.5
Karaton,20,ID,2019-06-24 16:25:31,74,-6.34,106.1,80.6,2.6
Saint-Francois,0,FR,2019-06-24 16:25:31,48,46.42,3.91,86.0,4.6
Damietta,0,EG,2019-06-24 16:25:31,79,31.42,31.81,84.2,5.1
Kurilsk,0,RU,2019-06-24 16:25:31,90,45.23,147.88,48.290000000000006,2.86
Am Timan,94,TD,2019-06-24 16:25:31,28,11.04,20.28,99.05,0.79
Orsha,0,BY,2019-06-24 16:25:31,38,54.51,30.43,75.2,4.0
Pangnirtung,20,CA,2019-06-24 16:25:31,75,66.15,-65.72,44.6,4.6
Burnie,46,AU,2019-06-24 16:25:31,95,-41.05,145.91,42.007999999999996,2.68
Japura,98,ID,2019-06-24 16:25:31,89,-0.42,102.29,76.91,0.83
Buraydah,0,SA,2019-06-24 16:25:31,13,26.33,43.97,105.8,5.1
Chapais,1,CA,2019-06-24 16:25:31,26,49.78,-74.86,59.0,2.1
Santa Barbara,90,US,2019-06-24 16:25:31,88,34.42,-119.7,62.995999999999995,1.5
Port Hawkesbury,75,CA,2019-06-24 16:25:31,62,45.62,-61.36,59.0,5.7
Bosaso,17,SO,2019-06-24 16:25:31,78,11.28,49.18,87.35,1.4
Carinhanha,15,BR,2019-06-24 16:25:31,40,-14.3,-43.77,84.83000000000001,2.48
Sao Joao da Barra,20,BR,2019-06-24 16:25:31,58,-21.64,-41.05,84.2,3.1
Itea,39,GR,2019-06-24 16:25:31,51,38.43,22.42,87.99799999999999,3.13
Isabela,100,PH,2019-06-24 16:25:31,77,10.2,122.99,81.59,3.3
Aleksandrov Gay,39,RU,2019-06-24 16:25:31,33,50.14,48.57,90.05000000000001,4.13
Atessa,0,IT,2019-06-24 16:25:31,54,42.07,14.45,82.994,6.7
Humaita,0,AR,2019-06-24 16:25:31,40,-24.93,-65.37,77.0,1.5
Kutiyana,22,IN,2019-06-24 16:25:31,83,21.62,69.99,83.03,4.85
Vardo,75,US,2019-06-24 16:25:31,51,39.62,-77.74,87.008,1.5
Hailar,100,CN,2019-06-24 16:25:31,76,49.2,119.7,66.11,1.29
Yichun,100,CN,2019-06-24 16:25:31,79,47.72,128.88,66.65,1.9
Comodoro Rivadavia,0,AR,2019-06-24 16:25:31,52,-45.87,-67.48,46.4,8.7
Takaka,0,NZ,2019-06-24 16:25:31,87,-40.86,172.81,48.002,0.45
Tocopilla,54,CL,2019-06-24 16:25:31,76,-22.09,-70.2,59.99,2.02
Anadyr,0,RU,2019-06-24 16:25:31,65,64.73,177.51,48.002,1.0
Dhidhdhoo,0,MV,2019-06-24 16:25:31,76,6.88,73.1,84.11,6.9
Pueblo,1,US,2019-06-24 16:25:31,22,38.25,-104.61,75.2,6.2
Kailua,75,US,2019-06-24 16:25:31,100,21.39,-157.74,78.80000000000001,1.05
North Bend,1,US,2019-06-24 16:25:31,87,43.41,-124.22,57.992000000000004,1.5
Price,1,US,2019-06-24 16:25:31,31,39.6,-110.81,68.0,1.08
Pacifica,75,US,2019-06-24 16:25:31,82,37.61,-122.49,66.992,2.1
Liwale,0,TZ,2019-06-24 16:25:31,55,-9.8,37.92,70.97,2.33
Hirara,100,JP,2019-06-24 16:25:31,83,24.8,125.28,79.61,3.79
Mustasaari,0,FI,2019-06-24 16:25:31,45,63.17,21.67,64.4,4.1
Zhanaozen,39,KZ,2019-06-24 16:25:31,11,43.35,52.85,100.31,5.97
Flin Flon,90,CA,2019-06-24 16:25:31,82,54.77,-101.88,59.0,1.0
Tilichiki,100,RU,2019-06-24 16:25:31,86,60.47,166.1,47.75,1.35
Casambalangan,100,PH,2019-06-24 16:25:31,73,18.38,122.13,85.73,2.38
Sobolevo,11,RU,2019-06-24 16:25:31,71,54.43,31.9,70.61,3.36
Namatanai,51,PG,2019-06-24 16:25:31,86,-3.66,152.44,79.61,5.12
Vestmannaeyjar,75,IS,2019-06-24 16:25:31,87,63.44,-20.27,55.400000000000006,5.7
Correntina,0,BR,2019-06-24 16:25:31,37,-13.34,-44.63,81.77,3.81
Veraval,0,FR,2019-06-24 16:25:31,73,49.65,0.71,73.004,4.1
Manzhouli,100,CN,2019-06-24 16:25:31,84,49.6,117.43,64.31,1.0
Kidal,33,ML,2019-06-24 16:25:31,6,18.44,1.41,113.81,4.82
Sorland,40,NO,2019-06-24 16:25:31,76,67.67,12.69,53.6,7.2
Bontang,100,ID,2019-06-24 16:25:31,98,0.12,117.47,74.57,1.24
Manzanillo,3,CU,2019-06-24 16:25:31,81,20.34,-77.12,80.15,1.09
Rivers,20,CA,2019-06-24 16:25:31,49,50.03,-100.23,71.6,4.6
Delijan,99,IR,2019-06-24 16:25:31,9,33.99,50.69,96.17,3.51
Lufilufi,75,WS,2019-06-24 16:25:31,94,-13.87,-171.6,77.0,1.5
Faya,40,SA,2019-06-24 16:25:31,60,18.39,42.45,82.4,3.6
Ialibu,100,PG,2019-06-24 16:25:31,99,-6.28,143.99,66.47,0.63
Shingu,0,JP,2019-06-24 16:25:31,89,33.72,135.99,57.11,0.75
Karasburg,0,NA,2019-06-24 16:25:31,12,-28.01,18.75,72.77,4.3
Dunedin,0,NZ,2019-06-24 16:25:31,79,-45.87,170.5,44.996,5.61
Sangin,42,AF,2019-06-24 16:25:31,8,32.07,64.85,93.65,5.16
Emerald,0,AU,2019-06-24 16:25:31,50,-23.53,148.16,51.8,5.1
Ambilobe,28,MG,2019-06-24 16:25:31,78,-13.19,49.05,74.39,1.53
Tezu,92,IN,2019-06-24 16:25:31,80,27.93,96.16,77.09,1.98
Valparaiso,90,US,2019-06-24 16:25:31,88,41.47,-87.06,73.994,7.7
Eyl,65,SO,2019-06-24 16:25:31,56,7.98,49.82,83.03,9.65
Lahat,100,ID,2019-06-24 16:25:31,96,-3.78,103.55,67.91,1.66
Alofi,75,NU,2019-06-24 16:25:31,88,-19.06,-169.92,71.6,7.29
Troy,40,US,2019-06-24 16:25:31,41,42.73,-73.69,80.99600000000001,3.1
Lluta,0,PE,2019-06-24 16:25:31,9,-16.02,-72.01,68.0,4.6
Santa Rosa,100,AR,2019-06-24 16:25:31,55,-36.62,-64.29,54.230000000000004,3.89
Vila Velha,40,BR,2019-06-24 16:25:31,62,-3.71,-38.6,86.0,7.7
Visegrad,40,BA,2019-06-24 16:25:31,88,43.78,19.3,66.2,1.0
Boguchany,100,RU,2019-06-24 16:25:31,72,58.38,97.46,63.59,1.56
Leshukonskoye,89,RU,2019-06-24 16:25:31,65,64.9,45.76,48.47,3.97
Henties Bay,0,NA,2019-06-24 16:25:31,92,-22.12,14.28,53.996,2.68
Kiunga,88,PG,2019-06-24 16:25:31,98,-6.12,141.3,72.77,1.0
